Date,Station,Note,Odometer,Gallons,Price per Gallon,Fuel Saver
12/30/2021 01:47,Crystal Holiday,,68350,12,3.50,
1/12/2022 01:47,Apple Valley Holiday,,68720,11.366,3.46,
1/22/2022 07:57,Apple Valley Holiday,,69204,12.787,3.70,
2/21/2022 07:48,Crystal Holiday,"Gas spilled during fill-up, likely half a gallon or so. Mileage lower because more gas went in than the tank had used.",69605,13.481,3.80,
3/28/2022 16:44,Speedway Crystal,,70067,12.481,5.00,
4/21/2022 16:50,Hy-Vee New Hope,,70381,8.767,4.72,
5/16/2022 14:54,Speedway Crystal,,70840,12.496,5.20,
6/17/2022 13:01,Hy-Vee New Hope,,71230,11.392,4.79,
6/26/2022 16:33,Hy-Vee New Hope,,71614,11.089,5.15,
7/21/2022 14:21,Speedway Crystal,,72049,12.596,5.40,
8/9/2022 22:48,Hy-Vee New Hope,,72355,9.275,4.88,
8/10/2022 14:50,Indiana Toll Road,,72855,12.606,5.40,
8/13/2022 06:47,Ohio Turnpike,,73137,6.857,5.25,
8/13/2022 14:00,"Wilson, Wisconsin",,73563,10.713,4.50,
8/28/2022 13:16,Speedway Crystal,,74027,12.325,5.10,
9/16/2022 17:29,Speedway Crystal,,74452,12.543,4.99,
10/2/2022 20:34,Hy-Vee New Hope,,74859,11.551,4.24,
10/19/2022 21:29,Hy-Vee Apple Valley,,75311,12.861,4.09,
10/23/2022 19:06,Speedway Crystal,,75865,13.143,5.40,
11/19/2022 14:17,Hy-Vee Apple Valley,,76307,12.475,3.92,1.28
12/16/2022 18:23,Hy-Vee New Hope,,76748,12.594,3.84,1.11
1/8/2023 14:50,Tobies Hinckley,,77168,13.062,4.50,
1/28/2023 15:42,Hy-Vee New Hope,,77623,12.906,3.25,1.45
2/23/2023 19:30,Hy-Vee New Hope,,78045,12.678,2.55,1.71
3/26/2023 18:36,Hy-Vee New Hope,,78470,12.655,2.09,1.91
4/12/2023 07:33,Speedway Crystal,,78872,12.18,4.40,
5/1/2023 15:54,Hy-Vee New Hope,,79178,9.392,2.33,1.87
5/28/2023 14:47,Hy-Vee New Hope,,79572,12.653,3.10,0.90
6/18/2023 12:08,Hy-Vee New Hope,,79974,12.508,3.44,0.55
7/1/2023 19:01,Hy-Vee New Hope,,80424,12.326,3.99,
7/21/2023 21:44,Hy-Vee New Hope,,80827,11.094,2.75,1.05
8/17/2023 18:04,Hy-Vee New Hope,,81180,10.474,2.25,1.85
9/12/2023 21:21,Hy-Vee New Hope,,81622,12.612,3.43,0.87
10/10/2023 20:57,Hy-Vee New Hope,,82052,12.514,3.55,0.75
10/20/2023 10:28,Hy-Vee New Hope,,82352,8.175,4.40,
10/29/2023 10:34,Hy-Vee New Hope,,82800,12.186,4.65,0.25
11/24/2023 22:25,Hy-Vee New Hope,,83253,12.736,3.22,1.18
12/16/2023 18:34,Hy-Vee New Hope,,83673,12.334,3.71,0.29
1/15/2024 16:36,Hy-Vee New Hope,,84099,12.167,2.69,1.31
2/4/2024 16:45,Hy-Vee New Hope,,84524,12.319,3.28,0.62
2/19/2024 17:56,Hy-Vee New Hope,,84956,12.219,2.47,1.39
3/9/2024 16:26,Hy-Vee New Hope,,85349,10.794,3.80,0.10
4/6/2024 16:26,Hy-Vee New Hope,,85787,12.191,0.81,3.09
5/9/2024 20:31,Hy-Vee New Hope,,86071,8.101,3.13,0.77
6/2/2024 17:36,Hy-Vee Apple Valley,,86487,11.781,3.31,0.58
7/13/2024 13:35,Hy-Vee Apple Valley,,86850,11.28,2.46,1.24
8/11/2024 17:51,Hy-Vee New Hope,,87254,12.481,2.88,1.02
8/31/2024 15:11,Hy-Vee New Hope,,87698,12.517,3.26,0.73
9/28/2024 14:04,Hy-Vee Apple Valley,,88147,13.018,2.10,1.60
10/28/2024 16:41,Hy-Vee New Hope,,88596,12.772,3.70,0.20
11/22/2024 16:56,Speedway Crystal,,89014,12.305,3.60,0
12/2/2024 17:29,Hy-Vee New Hope,,89272,7.403,2.36,1.54
12/24/2024 15:18,Hy-Vee New Hope,,89682,12.617,2.66,1.24
1/22/2025 17:25,Hy-Vee New Hope,,90054,11.624,2.43,1.17
2/15/2025 18:49,Hy-Vee New Hope,,90484,12.742,3.06,0.50
4/4/2025 14:56,Hy-Vee New Hope,,90920,12.773,3.04,0.52
5/7/2025 16:21,Hy-Vee New Hope,,91275,10.762,3.02,0.54
7/1/2025 21:48,Hy-Vee New Hope,,91608,9.755,2.59,0.97
8/6/2025 18:20,Hy-Vee New Hope,,91960,10.742,1.83,1.75
9/10/2025 14:17,Hy-Vee New Hope,,92439,13.01,2.01,1.57
10/20/2025 13:15,Hy-Vee New Hope,,92822,11.325,1.58,2.00
1/3/2026 18:47,Hy-Vee New Hope,,93230,12.682,2.25,1.33
4/12/2026 13:24,Hy-Vee Apple Valley,,93611,11.495,5.20,0
5/23/2026 18:51,Hy-Vee New Hope,,94023,12.33,4.73,0.57
6/26/2026 11:21,Hy-Vee New Hope,,94349,10.29,4.45,0.25
7/11/2026 13:41,Hy-Vee Apple Valley,,94753,12.656,4.31,0.39
8/11/2026 16:43,Hy-Vee New Hope,,95176,12.818,4.95,0.25
