Date,Shop,Maintenance Done,Cost,Odometer
1/3/2022,West Side VW,"DSG 70k maintenance
Cabin air filter / pollen filter",767.94,68516
8/4/2022,West Side VW,"Passenger side mirror replacement
New key / fob",270.58,72250
8/19/2022,West Side VW,"Key programming
Oil change
Alignment
Tire rotation
Cabin / pollen filter
Windshield wiper fluid pump",861.40,73932
6/15/2023,West Side VW,"80k service (oil and filter)
Alignment
Replace rear brake pads and rotors",1089.54,79934
6/14/2024,West Side VW,"Oil change
Brake fluid
Tire rotation (90k maintenance)",347.65,86586
11/21/2024,West Side VW,"Both headlights replaced
Headlight realignment
Brake line flush",405.78,89007
12/17/2024,West Side VW,Both taillights replaced,56.62,89602
2/5/2025,West Side VW,Battery replacement,259.06,90335
7/3/2025,West Side VW,Oil change,102.76,91620
5/4/2026,West Side VW,"Tire replacement (4x) - two year roadside warranty
Alignment",1206.81,93750
8/7/2026,West Side VW,"100k service
Oil change
Oil filter
Cabin / pollen filter
Tire rotation
Fuel filter",391.21,95077
